record_id,record_type,observed_at,entity_id,related_entity_id,entity_name,category,subcategory,status,stage,metric_name,metric_value,metric_unit,text_value,latitude,longitude,source_name,source_record_id,is_synthetic,data_version
CRM-001,lost_deal,2026-01-08T00:00:00Z,CRM-001,,Aster Systems,Price,Analytics Suite,HIGH,Negotiation,deal_value,850000,currency_unspecified,Re-engage with ROI comparison and flexible pricing.,,,Phase 2 synthetic CRM dataset,CRM-001,true,phase3-v1.0.0
CRM-002,lost_deal,2026-01-14T00:00:00Z,CRM-002,,Nova Retail,Competitor,Cloud Platform,HIGH,Proposal,deal_value,720000,currency_unspecified,Review competitor feature gap and schedule executive follow-up.,,,Phase 2 synthetic CRM dataset,CRM-002,true,phase3-v1.0.0
CRM-003,lost_deal,2026-01-22T00:00:00Z,CRM-003,,Bluewave Foods,Product Fit,Analytics Suite,MEDIUM,Evaluation,deal_value,280000,currency_unspecified,Offer a product-fit workshop and targeted demo.,,,Phase 2 synthetic CRM dataset,CRM-003,true,phase3-v1.0.0
CRM-004,lost_deal,2026-02-03T00:00:00Z,CRM-004,,Orbit Logistics,Timing,CRM Platform,MEDIUM,Proposal,deal_value,460000,currency_unspecified,Create a 60-day re-engagement reminder.,,,Phase 2 synthetic CRM dataset,CRM-004,true,phase3-v1.0.0
CRM-005,lost_deal,2026-02-11T00:00:00Z,CRM-005,,Vertex Health,Price,Cloud Platform,HIGH,Negotiation,deal_value,1100000,currency_unspecified,Escalate for commercial review and ROI justification.,,,Phase 2 synthetic CRM dataset,CRM-005,true,phase3-v1.0.0
CRM-006,lost_deal,2026-02-18T00:00:00Z,CRM-006,,Bright Retail,Budget,CRM Platform,LOW,Qualification,deal_value,190000,currency_unspecified,Revisit during next budget cycle.,,,Phase 2 synthetic CRM dataset,CRM-006,true,phase3-v1.0.0
CRM-007,lost_deal,2026-02-26T00:00:00Z,CRM-007,,Northstar Finance,Competitor,Analytics Suite,HIGH,Negotiation,deal_value,640000,currency_unspecified,Compare analytics capabilities and migration benefits.,,,Phase 2 synthetic CRM dataset,CRM-007,true,phase3-v1.0.0
CRM-008,lost_deal,2026-03-04T00:00:00Z,CRM-008,,Harbor Tech,Product Fit,Cloud Platform,MEDIUM,Evaluation,deal_value,230000,currency_unspecified,Run a technical discovery session.,,,Phase 2 synthetic CRM dataset,CRM-008,true,phase3-v1.0.0
CRM-009,lost_deal,2026-03-12T00:00:00Z,CRM-009,,Zenith Motors,Competitor,CRM Platform,HIGH,Proposal,deal_value,920000,currency_unspecified,Build competitor battlecard and executive outreach.,,,Phase 2 synthetic CRM dataset,CRM-009,true,phase3-v1.0.0
CRM-010,lost_deal,2026-03-18T00:00:00Z,CRM-010,,Urban Living,Timing,Analytics Suite,MEDIUM,Evaluation,deal_value,370000,currency_unspecified,Schedule future re-engagement based on buying cycle.,,,Phase 2 synthetic CRM dataset,CRM-010,true,phase3-v1.0.0
CRM-011,lost_deal,2026-03-25T00:00:00Z,CRM-011,,Green Basket,Budget,CRM Platform,LOW,Qualification,deal_value,150000,currency_unspecified,Send lower-tier package when budget becomes available.,,,Phase 2 synthetic CRM dataset,CRM-011,true,phase3-v1.0.0
CRM-012,lost_deal,2026-04-02T00:00:00Z,CRM-012,,Prime Energy,Price,Cloud Platform,HIGH,Negotiation,deal_value,1250000,currency_unspecified,Conduct executive pricing review and ROI analysis.,,,Phase 2 synthetic CRM dataset,CRM-012,true,phase3-v1.0.0
CRM-013,lost_deal,2026-04-10T00:00:00Z,CRM-013,,Axis Manufacturing,Product Fit,CRM Platform,MEDIUM,Evaluation,deal_value,410000,currency_unspecified,Map missing requirements and propose configuration.,,,Phase 2 synthetic CRM dataset,CRM-013,true,phase3-v1.0.0
CRM-014,lost_deal,2026-04-18T00:00:00Z,CRM-014,,Summit Bank,Competitor,Analytics Suite,HIGH,Negotiation,deal_value,980000,currency_unspecified,Present differentiated analytics capabilities.,,,Phase 2 synthetic CRM dataset,CRM-014,true,phase3-v1.0.0
CRM-015,lost_deal,2026-04-25T00:00:00Z,CRM-015,,Coastal Foods,Timing,Cloud Platform,LOW,Proposal,deal_value,210000,currency_unspecified,Place into quarterly recovery campaign.,,,Phase 2 synthetic CRM dataset,CRM-015,true,phase3-v1.0.0
CRM-016,lost_deal,2026-05-03T00:00:00Z,CRM-016,,Techline India,Price,CRM Platform,HIGH,Proposal,deal_value,570000,currency_unspecified,Reopen pricing discussion with value-based package.,,,Phase 2 synthetic CRM dataset,CRM-016,true,phase3-v1.0.0
CRM-017,lost_deal,2026-05-11T00:00:00Z,CRM-017,,Metro Infra,Budget,Cloud Platform,MEDIUM,Qualification,deal_value,690000,currency_unspecified,Monitor budget approval and prepare re-entry plan.,,,Phase 2 synthetic CRM dataset,CRM-017,true,phase3-v1.0.0
CRM-018,lost_deal,2026-05-19T00:00:00Z,CRM-018,,FreshMart,Competitor,Analytics Suite,LOW,Evaluation,deal_value,175000,currency_unspecified,Share product comparison and customer proof points.,,,Phase 2 synthetic CRM dataset,CRM-018,true,phase3-v1.0.0
CRM-019,lost_deal,2026-05-27T00:00:00Z,CRM-019,,Medix Labs,Product Fit,CRM Platform,MEDIUM,Proposal,deal_value,520000,currency_unspecified,Schedule solution-design workshop.,,,Phase 2 synthetic CRM dataset,CRM-019,true,phase3-v1.0.0
CRM-020,lost_deal,2026-06-05T00:00:00Z,CRM-020,,Global Textiles,Price,Analytics Suite,HIGH,Negotiation,deal_value,890000,currency_unspecified,Create executive-level commercial recovery plan.,,,Phase 2 synthetic CRM dataset,CRM-020,true,phase3-v1.0.0
